{"stats":{"minecraft:mined":{"minecraft:white_bed":6,"minecraft:deepslate_diamond_ore":2,"minecraft:cherry_log":31,"gravestone:gravestone":7,"minecraft:grass_block":262,"minecraft:spruce_leaves":4,"minecraft:hay_block":54,"minecraft:furnace":2,"minecraft:iron_ore":39,"minecraft:fire":1,"minecraft:bell":1,"minecraft:sculk_shrieker":1,"minecraft:pointed_dripstone":6,"minecraft:dirt_path":131,"minecraft:stone":131,"minecraft:white_wool":10,"minecraft:deepslate_redstone_ore":4,"minecraft:oak_slab":18,"minecraft:dandelion":4,"minecraft:oak_fence":36,"minecraft:crafting_table":3,"minecraft:torch":1,"minecraft:tall_grass":15,"minecraft:cobblestone":1,"minecraft:deepslate_gold_ore":15,"minecraft:oak_planks":16,"minecraft:sculk":4,"minecraft:yellow_wool":9,"minecraft:spruce_log":15,"minecraft:birch_leaves":1,"minecraft:yellow_bed":4,"minecraft:grass":110,"minecraft:oak_log":28,"minecraft:coal_ore":42,"minecraft:dripstone_block":2,"minecraft:gravel":42,"minecraft:cyan_carpet":10,"minecraft:sand":11,"minecraft:dirt":296,"minecraft:oak_leaves":9,"minecraft:deepslate":44},"minecraft:crafted":{"minecraft:oak_planks":112,"minecraft:furnace":1,"minecraft:stone":64,"minecraft:lever":4,"minecraft:cooked_mutton":5,"minecraft:oak_trapdoor":6,"minecraft:iron_boots":1,"minecraft:iron_axe":1,"minecraft:stone_pickaxe":1,"minecraft:chest":3,"minecraft:stone_hoe":1,"minecraft:stone_bricks":40,"minecraft:wheat":477,"minecraft:cooked_beef":8,"minecraft:crafting_table":4,"minecraft:spruce_planks":60,"minecraft:wooden_pickaxe":1,"minecraft:iron_helmet":1,"minecraft:iron_sword":1,"minecraft:stone_axe":1,"minecraft:bread":159,"minecraft:air":0,"minecraft:spruce_trapdoor":12,"minecraft:iron_chestplate":1,"minecraft:shield":1,"minecraft:stick":24,"minecraft:iron_ingot":33,"minecraft:iron_pickaxe":1,"minecraft:wooden_axe":1,"minecraft:stone_sword":1,"minecraft:iron_shovel":3,"minecraft:iron_leggings":1},"minecraft:broken":{"minecraft:golden_hoe":1,"minecraft:iron_shovel":2,"minecraft:golden_shovel":1,"minecraft:golden_axe":1,"minecraft:iron_axe":1},"minecraft:dropped":{"minecraft:stone_hoe":5,"minecraft:bread":1,"minecraft:dripstone_block":2,"minecraft:apple":1,"minecraft:stick":2,"minecraft:dirt":15,"minecraft:wooden_axe":1,"gravestone:obituary":1,"minecraft:gold_nugget":13,"minecraft:iron_pickaxe":2,"minecraft:string":3,"minecraft:stone_axe":2,"minecraft:stone_sword":1,"minecraft:rotten_flesh":2,"minecraft:spider_eye":2,"minecraft:wooden_pickaxe":1,"minecraft:stone_pickaxe":1,"minecraft:arrow":2,"minecraft:black_wool":1},"minecraft:used":{"minecraft:iron_shovel":679,"minecraft:chest":3,"minecraft:shield":84,"minecraft:iron_sword":91,"minecraft:stone_hoe":61,"minecraft:dirt":101,"minecraft:mutton":2,"minecraft:golden_shovel":32,"minecraft:golden_chestplate":1,"minecraft:wooden_axe":40,"minecraft:iron_axe":227,"minecraft:iron_helmet":1,"minecraft:iron_boots":1,"minecraft:beef":3,"minecraft:furnace":3,"minecraft:cooked_beef":7,"minecraft:golden_axe":17,"minecraft:iron_leggings":1,"minecraft:cooked_mutton":5,"minecraft:stone_pickaxe":68,"minecraft:oak_planks":59,"minecraft:wooden_pickaxe":11,"minecraft:white_wool":1,"minecraft:golden_hoe":16,"minecraft:crafting_table":6,"minecraft:apple":4,"minecraft:bread":29,"minecraft:iron_pickaxe":221,"minecraft:gravel":13,"minecraft:stone_axe":13,"minecraft:fire_charge":1,"minecraft:cobblestone":38,"alexsmobs:animal_dictionary":1},"minecraft:picked_up":{"minecraft:crafting_table":3,"minecraft:azure_bluet":1,"minecraft:yellow_wool":3,"minecraft:string":5,"minecraft:cyan_carpet":10,"minecraft:cobbled_deepslate":40,"minecraft:beef":11,"minecraft:iron_pickaxe":1,"minecraft:furnace":2,"minecraft:stick":6,"minecraft:raw_iron":39,"minecraft:oak_fence":12,"minecraft:torch":2,"minecraft:cherry_log":31,"minecraft:pointed_dripstone":9,"minecraft:redstone":17,"minecraft:arrow":8,"minecraft:rotten_flesh":15,"minecraft:hay_block":53,"minecraft:mutton":7,"minecraft:white_wool":16,"minecraft:cobblestone":130,"minecraft:leather":4,"minecraft:flint":1,"minecraft:oak_log":28,"minecraft:dirt":541,"minecraft:bone":6,"minecraft:apple":3,"minecraft:wheat_seeds":18,"minecraft:raw_gold":15,"minecraft:bell":1,"minecraft:stone_pickaxe":1,"minecraft:iron_ingot":4,"minecraft:oak_planks":16,"minecraft:stone_hoe":5,"minecraft:oak_slab":6,"minecraft:dandelion":4,"minecraft:gravel":20,"minecraft:dripstone_block":2,"minecraft:sand":11,"minecraft:spruce_log":15,"minecraft:spider_eye":3,"minecraft:diamond":2,"minecraft:stone_axe":1,"minecraft:cherry_sapling":28,"minecraft:oak_sapling":15,"minecraft:coal":109,"minecraft:black_wool":1},"minecraft:killed":{"minecraft:spider":5,"minecraft:skeleton":15,"alexsmobs:bison":1,"minecraft:iron_golem":1,"minecraft:creeper":1,"minecraft:sheep":9,"minecraft:zombie":18,"minecraft:cow":2},"minecraft:custom":{"minecraft:mob_kills":52,"minecraft:interact_with_crafting_table":23,"minecraft:leave_game":6,"minecraft:time_since_death":7166,"minecraft:climb_one_cm":919,"minecraft:sprint_one_cm":424131,"minecraft:walk_one_cm":259258,"minecraft:damage_blocked_by_shield":2310,"minecraft:drop":33,"minecraft:play_time":156867,"minecraft:deaths":12,"minecraft:sneak_time":21920,"minecraft:walk_under_water_one_cm":5296,"minecraft:jump":3486,"minecraft:walk_on_water_one_cm":14735,"minecraft:total_world_time":156867,"minecraft:interact_with_furnace":27,"minecraft:time_since_rest":7200,"minecraft:damage_taken":5286,"minecraft:damage_dealt":9336,"minecraft:swim_one_cm":37682,"minecraft:fly_one_cm":561064,"minecraft:open_chest":15,"minecraft:crouch_one_cm":87780,"minecraft:fall_one_cm":117489}},"DataVersion":3463}