{"stats":{"minecraft:crafted":{"minecraft:oak_planks":382,"minecraft:oak_sign":12,"minecraft:furnace":2,"minecraft:piston":4,"minecraft:stone":200,"minecraft:lever":10,"minecraft:spruce_fence":24,"minecraft:cooked_mutton":5,"minecraft:oak_trapdoor":6,"minecraft:stone_brick_slab":258,"minecraft:iron_boots":2,"minecraft:iron_axe":3,"minecraft:stone_pickaxe":1,"minecraft:chest":15,"minecraft:stone_hoe":1,"minecraft:stone_bricks":320,"minecraft:wheat":567,"minecraft:cooked_beef":8,"minecraft:deepslate":1,"minecraft:crafting_table":5,"minecraft:spruce_planks":308,"minecraft:wooden_pickaxe":1,"minecraft:iron_helmet":2,"minecraft:iron_sword":1,"minecraft:sticky_piston":4,"minecraft:stone_axe":1,"minecraft:bread":189,"minecraft:air":0,"minecraft:spruce_trapdoor":20,"minecraft:iron_chestplate":2,"minecraft:diamond_pickaxe":1,"minecraft:shield":2,"minecraft:stick":44,"minecraft:iron_ingot":105,"minecraft:iron_pickaxe":2,"minecraft:wooden_axe":1,"minecraft:stone_sword":1,"minecraft:iron_shovel":3,"minecraft:iron_leggings":2,"minecraft:torch":8},"minecraft:used":{"minecraft:iron_shovel":698,"minecraft:oak_sign":2,"minecraft:chest":7,"minecraft:shield":164,"minecraft:stone":5,"minecraft:iron_sword":147,"minecraft:stone_hoe":61,"travelersbackpack:bat":3,"minecraft:oak_door":1,"minecraft:torch":1,"minecraft:dirt":177,"minecraft:mutton":2,"minecraft:golden_shovel":32,"minecraft:golden_chestplate":1,"minecraft:wooden_axe":40,"minecraft:iron_axe":518,"minecraft:iron_helmet":1,"minecraft:iron_boots":1,"minecraft:beef":3,"minecraft:furnace":4,"minecraft:cooked_beef":7,"minecraft:cobbled_deepslate":15,"minecraft:golden_axe":17,"minecraft:iron_leggings":1,"minecraft:cooked_mutton":5,"minecraft:stone_pickaxe":68,"minecraft:oak_planks":66,"minecraft:wooden_pickaxe":11,"minecraft:white_wool":1,"minecraft:golden_hoe":16,"minecraft:crafting_table":7,"minecraft:spruce_log":2,"minecraft:sticky_piston":2,"minecraft:piston":11,"minecraft:lever":1,"minecraft:diamond_pickaxe":276,"minecraft:apple":11,"minecraft:bread":74,"minecraft:iron_pickaxe":474,"minecraft:gravel":24,"minecraft:stone_axe":13,"minecraft:fire_charge":1,"minecraft:cobblestone":38,"alexsmobs:animal_dictionary":1},"minecraft:custom":{"minecraft:mob_kills":91,"minecraft:interact_with_crafting_table":54,"minecraft:leave_game":13,"minecraft:time_since_death":20175,"minecraft:climb_one_cm":1432,"minecraft:sprint_one_cm":798496,"minecraft:walk_one_cm":529539,"minecraft:damage_blocked_by_shield":4970,"minecraft:drop":123,"minecraft:play_time":348438,"minecraft:sneak_time":35904,"minecraft:deaths":17,"minecraft:walk_under_water_one_cm":7483,"minecraft:jump":6330,"minecraft:walk_on_water_one_cm":22280,"minecraft:total_world_time":348438,"minecraft:interact_with_furnace":51,"minecraft:time_since_rest":20198,"minecraft:damage_taken":8612,"minecraft:damage_dealt":17337,"minecraft:swim_one_cm":38675,"minecraft:fly_one_cm":1081372,"minecraft:open_chest":85,"minecraft:crouch_one_cm":139147,"minecraft:fall_one_cm":238579},"minecraft:mined":{"minecraft:white_bed":6,"minecraft:deepslate_diamond_ore":16,"minecraft:oak_door":1,"minecraft:cherry_log":31,"minecraft:lever":1,"gravestone:gravestone":7,"minecraft:granite":18,"minecraft:grass_block":272,"minecraft:spruce_leaves":10,"minecraft:large_fern":1,"minecraft:hay_block":64,"minecraft:furnace":3,"minecraft:cobbled_deepslate":10,"minecraft:iron_ore":69,"minecraft:sticky_piston":2,"minecraft:fire":1,"minecraft:andesite":3,"minecraft:bell":1,"minecraft:sculk_shrieker":1,"minecraft:pointed_dripstone":6,"minecraft:deepslate_iron_ore":9,"minecraft:dirt_path":131,"minecraft:oak_stairs":1,"minecraft:stone":443,"minecraft:white_wool":10,"minecraft:deepslate_redstone_ore":15,"minecraft:oak_slab":18,"minecraft:glass_pane":1,"minecraft:dandelion":7,"minecraft:oak_fence":36,"minecraft:crafting_table":4,"minecraft:torch":2,"minecraft:chest":2,"minecraft:tall_grass":22,"minecraft:cobblestone":4,"minecraft:deepslate_gold_ore":15,"minecraft:oak_planks":20,"minecraft:sculk":4,"minecraft:diorite":4,"minecraft:yellow_wool":9,"minecraft:spruce_log":104,"minecraft:birch_leaves":1,"minecraft:yellow_bed":4,"minecraft:grass":167,"minecraft:oak_log":99,"minecraft:coal_ore":58,"minecraft:dripstone_block":2,"minecraft:gravel":51,"minecraft:cyan_carpet":10,"minecraft:sand":11,"minecraft:dirt":299,"minecraft:cobweb":2,"minecraft:piston":1,"minecraft:oak_leaves":20,"minecraft:deepslate":131},"minecraft:picked_up":{"minecraft:crafting_table":4,"minecraft:azure_bluet":1,"travelersbackpack:bat":1,"minecraft:yellow_wool":3,"minecraft:oak_stairs":1,"minecraft:string":9,"minecraft:sticky_piston":2,"minecraft:cyan_carpet":10,"minecraft:cobbled_deepslate":117,"minecraft:beef":13,"minecraft:poppy":2,"minecraft:iron_pickaxe":1,"minecraft:chest":2,"minecraft:piston":1,"minecraft:furnace":3,"minecraft:stick":39,"minecraft:raw_iron":78,"minecraft:oak_door":1,"minecraft:oak_fence":12,"minecraft:torch":3,"minecraft:porkchop":1,"minecraft:cherry_log":31,"minecraft:pointed_dripstone":9,"minecraft:diorite":4,"minecraft:redstone":67,"minecraft:arrow":26,"minecraft:rotten_flesh":37,"minecraft:hay_block":63,"minecraft:mutton":7,"minecraft:white_wool":16,"minecraft:cobblestone":444,"minecraft:andesite":3,"minecraft:leather":5,"minecraft:flint":3,"minecraft:oak_log":96,"minecraft:dirt":586,"minecraft:bone":25,"minecraft:apple":5,"minecraft:bow":1,"minecraft:wheat_seeds":25,"minecraft:raw_gold":15,"minecraft:bell":1,"minecraft:stone_pickaxe":1,"minecraft:iron_ingot":9,"minecraft:stone_hoe":5,"minecraft:oak_planks":22,"minecraft:oak_slab":6,"minecraft:dandelion":5,"minecraft:dripstone_block":2,"minecraft:gravel":29,"minecraft:sand":11,"minecraft:spruce_sapling":18,"minecraft:spruce_log":101,"minecraft:spider_eye":6,"minecraft:diamond":16,"minecraft:stone_axe":1,"minecraft:lever":1,"minecraft:granite":18,"minecraft:cherry_sapling":28,"minecraft:bread":126,"minecraft:oak_sapling":29,"minecraft:black_wool":1,"minecraft:coal":158},"minecraft:broken":{"minecraft:golden_hoe":1,"minecraft:iron_shovel":2,"minecraft:iron_boots":1,"minecraft:iron_chestplate":1,"minecraft:golden_shovel":1,"minecraft:iron_leggings":1,"minecraft:shield":1,"minecraft:golden_axe":1,"minecraft:iron_axe":2,"minecraft:iron_pickaxe":1,"minecraft:iron_helmet":1},"minecraft:dropped":{"minecraft:stone_hoe":5,"minecraft:bread":126,"minecraft:wheat_seeds":5,"minecraft:dripstone_block":2,"minecraft:apple":1,"minecraft:coal":33,"minecraft:stick":19,"minecraft:flint":2,"minecraft:dirt":15,"minecraft:wooden_axe":1,"gravestone:obituary":1,"minecraft:gold_nugget":13,"minecraft:iron_pickaxe":2,"minecraft:string":7,"minecraft:dandelion":1,"minecraft:gravel":5,"minecraft:stone_axe":2,"minecraft:stone_sword":1,"minecraft:rotten_flesh":2,"minecraft:spider_eye":4,"minecraft:wooden_pickaxe":1,"minecraft:stone_pickaxe":1,"minecraft:arrow":2,"minecraft:black_wool":1},"minecraft:killed":{"minecraft:spider":8,"minecraft:skeleton":30,"alexsmobs:bison":1,"minecraft:pig":1,"minecraft:zombie_villager":1,"minecraft:iron_golem":2,"minecraft:creeper":1,"minecraft:sheep":9,"minecraft:zombie":34,"minecraft:cow":3}},"DataVersion":3463}