{"stats":{"minecraft:mined":{"minecraft:oak_slab":18,"minecraft:white_bed":6,"minecraft:cherry_log":31,"minecraft:dandelion":2,"minecraft:oak_fence":36,"minecraft:crafting_table":3,"minecraft:torch":1,"gravestone:gravestone":7,"minecraft:grass_block":138,"minecraft:tall_grass":10,"minecraft:spruce_leaves":4,"minecraft:oak_planks":16,"minecraft:hay_block":54,"minecraft:furnace":2,"minecraft:yellow_wool":9,"minecraft:iron_ore":33,"minecraft:fire":1,"minecraft:spruce_log":8,"minecraft:birch_leaves":1,"minecraft:yellow_bed":4,"minecraft:bell":1,"minecraft:grass":86,"minecraft:pointed_dripstone":6,"minecraft:oak_log":28,"minecraft:coal_ore":42,"minecraft:dirt_path":108,"minecraft:sand":11,"minecraft:dripstone_block":2,"minecraft:dirt":114,"minecraft:stone":57,"minecraft:white_wool":10,"minecraft:oak_leaves":7},"minecraft:crafted":{"minecraft:cooked_beef":8,"minecraft:oak_planks":112,"minecraft:crafting_table":2,"minecraft:spruce_planks":32,"minecraft:wooden_pickaxe":1,"minecraft:iron_helmet":1,"minecraft:iron_sword":1,"minecraft:furnace":1,"minecraft:stone_axe":1,"minecraft:bread":159,"minecraft:cooked_mutton":5,"minecraft:air":0,"minecraft:iron_boots":1,"minecraft:iron_chestplate":1,"minecraft:shield":1,"minecraft:iron_axe":1,"minecraft:stick":20,"minecraft:chest":3,"minecraft:iron_ingot":33,"minecraft:iron_pickaxe":1,"minecraft:stone_pickaxe":1,"minecraft:wooden_axe":1,"minecraft:stone_sword":1,"minecraft:iron_shovel":2,"minecraft:iron_leggings":1,"minecraft:stone_hoe":1,"minecraft:wheat":477},"minecraft:broken":{"minecraft:golden_hoe":1,"minecraft:iron_shovel":1,"minecraft:golden_axe":1,"minecraft:golden_shovel":1},"minecraft:dropped":{"minecraft:stone_hoe":5,"minecraft:stone_axe":2,"minecraft:stone_sword":1,"minecraft:dripstone_block":2,"minecraft:stick":2,"minecraft:dirt":15,"minecraft:wooden_axe":1,"gravestone:obituary":1,"minecraft:gold_nugget":13,"minecraft:arrow":1,"minecraft:wooden_pickaxe":1,"minecraft:stone_pickaxe":1,"minecraft:iron_pickaxe":1,"minecraft:string":1,"minecraft:black_wool":1},"minecraft:used":{"minecraft:cooked_mutton":5,"minecraft:iron_shovel":310,"minecraft:stone_pickaxe":68,"minecraft:oak_planks":59,"minecraft:chest":3,"minecraft:wooden_pickaxe":11,"minecraft:iron_sword":20,"minecraft:shield":13,"minecraft:stone_hoe":57,"minecraft:white_wool":1,"minecraft:golden_hoe":16,"minecraft:dirt":89,"minecraft:mutton":2,"minecraft:crafting_table":5,"minecraft:golden_chestplate":1,"minecraft:golden_shovel":32,"minecraft:wooden_axe":40,"minecraft:apple":3,"minecraft:iron_axe":219,"minecraft:iron_pickaxe":72,"minecraft:iron_helmet":1,"minecraft:iron_boots":1,"minecraft:fire_charge":1,"minecraft:stone_axe":13,"minecraft:beef":3,"minecraft:furnace":3,"alexsmobs:animal_dictionary":1,"minecraft:cooked_beef":7,"minecraft:golden_axe":17,"minecraft:iron_leggings":1},"minecraft:picked_up":{"minecraft:crafting_table":3,"minecraft:azure_bluet":1,"minecraft:yellow_wool":3,"minecraft:leather":4,"minecraft:oak_log":28,"minecraft:dirt":213,"minecraft:string":1,"minecraft:bone":2,"minecraft:apple":3,"minecraft:wheat_seeds":4,"minecraft:bell":1,"minecraft:iron_ingot":4,"minecraft:beef":11,"minecraft:stone_pickaxe":1,"minecraft:iron_pickaxe":1,"minecraft:stone_hoe":5,"minecraft:oak_planks":16,"minecraft:furnace":2,"minecraft:oak_slab":6,"minecraft:stick":2,"minecraft:raw_iron":33,"minecraft:oak_fence":12,"minecraft:torch":2,"minecraft:dandelion":4,"minecraft:dripstone_block":2,"minecraft:sand":11,"minecraft:cherry_log":31,"minecraft:pointed_dripstone":9,"minecraft:spruce_log":8,"minecraft:arrow":1,"minecraft:rotten_flesh":7,"minecraft:stone_axe":1,"minecraft:hay_block":53,"minecraft:cherry_sapling":28,"minecraft:oak_sapling":15,"minecraft:black_wool":1,"minecraft:mutton":7,"minecraft:coal":109,"minecraft:white_wool":16,"minecraft:cobblestone":55},"minecraft:killed":{"minecraft:spider":2,"minecraft:iron_golem":1,"minecraft:skeleton":8,"minecraft:sheep":9,"minecraft:zombie":10,"alexsmobs:bison":1,"minecraft:cow":2},"minecraft:custom":{"minecraft:interact_with_furnace":21,"minecraft:mob_kills":33,"minecraft:interact_with_crafting_table":14,"minecraft:leave_game":4,"minecraft:time_since_death":18423,"minecraft:time_since_rest":18932,"minecraft:sprint_one_cm":296122,"minecraft:damage_taken":3468,"minecraft:walk_one_cm":177823,"minecraft:damage_blocked_by_shield":400,"minecraft:drop":23,"minecraft:damage_dealt":6104,"minecraft:swim_one_cm":32422,"minecraft:fly_one_cm":377669,"minecraft:open_chest":9,"minecraft:play_time":109247,"minecraft:crouch_one_cm":62761,"minecraft:deaths":10,"minecraft:sneak_time":15294,"minecraft:walk_under_water_one_cm":3971,"minecraft:jump":2318,"minecraft:walk_on_water_one_cm":13553,"minecraft:total_world_time":109247,"minecraft:fall_one_cm":68673}},"DataVersion":3463}