{"stats":{"minecraft:mined":{"minecraft:oak_slab":12,"minecraft:white_bed":6,"minecraft:cherry_log":31,"minecraft:dandelion":2,"minecraft:oak_fence":24,"minecraft:crafting_table":3,"gravestone:gravestone":7,"minecraft:grass_block":58,"minecraft:tall_grass":8,"minecraft:spruce_leaves":4,"minecraft:oak_planks":12,"minecraft:furnace":2,"minecraft:yellow_wool":6,"minecraft:iron_ore":33,"minecraft:fire":1,"minecraft:spruce_log":8,"minecraft:birch_leaves":1,"minecraft:yellow_bed":4,"minecraft:bell":1,"minecraft:grass":76,"minecraft:pointed_dripstone":6,"minecraft:oak_log":28,"minecraft:coal_ore":42,"minecraft:dirt_path":72,"minecraft:sand":11,"minecraft:dripstone_block":2,"minecraft:dirt":62,"minecraft:stone":56,"minecraft:white_wool":7,"minecraft:oak_leaves":6},"minecraft:crafted":{"minecraft:cooked_beef":8,"minecraft:oak_planks":64,"minecraft:crafting_table":1,"minecraft:spruce_planks":32,"minecraft:wooden_pickaxe":1,"minecraft:iron_helmet":1,"minecraft:iron_sword":1,"minecraft:furnace":1,"minecraft:stone_axe":1,"minecraft:cooked_mutton":5,"minecraft:air":0,"minecraft:iron_boots":1,"minecraft:iron_chestplate":1,"minecraft:shield":1,"minecraft:iron_axe":1,"minecraft:stick":16,"minecraft:iron_ingot":33,"minecraft:iron_pickaxe":1,"minecraft:stone_pickaxe":1,"minecraft:wooden_axe":1,"minecraft:stone_sword":1,"minecraft:iron_shovel":1,"minecraft:iron_leggings":1},"minecraft:broken":{"minecraft:golden_hoe":1,"minecraft:golden_axe":1,"minecraft:golden_shovel":1},"minecraft:dropped":{"minecraft:stone_axe":2,"minecraft:stone_sword":1,"minecraft:dripstone_block":2,"minecraft:dirt":14,"minecraft:wooden_axe":1,"minecraft:gold_nugget":13,"minecraft:arrow":1,"minecraft:wooden_pickaxe":1,"minecraft:stone_pickaxe":1,"minecraft:iron_pickaxe":1,"minecraft:string":1,"minecraft:black_wool":1},"minecraft:used":{"minecraft:cooked_mutton":5,"minecraft:iron_shovel":140,"minecraft:stone_pickaxe":68,"minecraft:oak_planks":59,"minecraft:wooden_pickaxe":11,"minecraft:iron_sword":20,"minecraft:shield":11,"minecraft:white_wool":1,"minecraft:golden_hoe":16,"minecraft:dirt":45,"minecraft:mutton":2,"minecraft:crafting_table":4,"minecraft:golden_chestplate":1,"minecraft:golden_shovel":32,"minecraft:wooden_axe":40,"minecraft:apple":3,"minecraft:iron_axe":181,"minecraft:iron_pickaxe":71,"minecraft:iron_helmet":1,"minecraft:iron_boots":1,"minecraft:fire_charge":1,"minecraft:stone_axe":13,"minecraft:beef":3,"minecraft:furnace":2,"minecraft:cooked_beef":5,"minecraft:golden_axe":17,"minecraft:iron_leggings":1},"minecraft:picked_up":{"minecraft:crafting_table":3,"minecraft:azure_bluet":1,"minecraft:leather":4,"minecraft:oak_log":28,"minecraft:dirt":59,"minecraft:string":1,"minecraft:bone":2,"minecraft:apple":3,"minecraft:bell":1,"minecraft:iron_ingot":4,"minecraft:beef":11,"minecraft:stone_pickaxe":1,"minecraft:iron_pickaxe":1,"minecraft:oak_planks":12,"minecraft:furnace":2,"minecraft:stick":2,"minecraft:raw_iron":33,"minecraft:dandelion":4,"minecraft:dripstone_block":2,"minecraft:sand":11,"minecraft:cherry_log":31,"minecraft:pointed_dripstone":9,"minecraft:spruce_log":8,"minecraft:arrow":1,"minecraft:rotten_flesh":7,"minecraft:stone_axe":1,"minecraft:cherry_sapling":28,"minecraft:oak_sapling":15,"minecraft:black_wool":1,"minecraft:mutton":7,"minecraft:coal":109,"minecraft:white_wool":12,"minecraft:cobblestone":54},"minecraft:killed":{"minecraft:spider":2,"minecraft:iron_golem":1,"minecraft:skeleton":7,"minecraft:sheep":7,"minecraft:zombie":9,"alexsmobs:bison":1,"minecraft:cow":2},"minecraft:custom":{"minecraft:interact_with_furnace":21,"minecraft:mob_kills":29,"minecraft:interact_with_crafting_table":10,"minecraft:leave_game":4,"minecraft:time_since_death":13794,"minecraft:time_since_rest":13823,"minecraft:sprint_one_cm":240490,"minecraft:damage_taken":3191,"minecraft:walk_one_cm":130768,"minecraft:damage_blocked_by_shield":310,"minecraft:drop":14,"minecraft:damage_dealt":5443,"minecraft:swim_one_cm":29519,"minecraft:fly_one_cm":290083,"minecraft:open_chest":3,"minecraft:play_time":85247,"minecraft:crouch_one_cm":47923,"minecraft:deaths":9,"minecraft:sneak_time":12112,"minecraft:walk_under_water_one_cm":2896,"minecraft:jump":1841,"minecraft:walk_on_water_one_cm":12628,"minecraft:total_world_time":85247,"minecraft:fall_one_cm":53669}},"DataVersion":3463}