{"stats":{"minecraft:crafted":{"minecraft:oak_planks":382,"minecraft:furnace":1,"minecraft:piston":4,"minecraft:stone":200,"minecraft:lever":10,"minecraft:cooked_mutton":5,"minecraft:oak_trapdoor":6,"minecraft:stone_brick_slab":258,"minecraft:iron_boots":1,"minecraft:iron_axe":2,"minecraft:stone_pickaxe":1,"minecraft:chest":3,"minecraft:stone_hoe":1,"minecraft:stone_bricks":320,"minecraft:wheat":477,"minecraft:cooked_beef":8,"minecraft:deepslate":1,"minecraft:crafting_table":4,"minecraft:spruce_planks":60,"minecraft:wooden_pickaxe":1,"minecraft:iron_helmet":1,"minecraft:iron_sword":1,"minecraft:sticky_piston":4,"minecraft:stone_axe":1,"minecraft:bread":159,"minecraft:air":0,"minecraft:spruce_trapdoor":12,"minecraft:iron_chestplate":1,"minecraft:shield":2,"minecraft:stick":28,"minecraft:iron_ingot":39,"minecraft:iron_pickaxe":2,"minecraft:wooden_axe":1,"minecraft:stone_sword":1,"minecraft:iron_shovel":3,"minecraft:iron_leggings":1},"minecraft:used":{"minecraft:iron_shovel":688,"minecraft:chest":3,"minecraft:shield":117,"minecraft:stone":5,"minecraft:iron_sword":108,"minecraft:stone_hoe":61,"minecraft:dirt":107,"minecraft:mutton":2,"minecraft:golden_shovel":32,"minecraft:golden_chestplate":1,"minecraft:wooden_axe":40,"minecraft:iron_axe":366,"minecraft:iron_helmet":1,"minecraft:iron_boots":1,"minecraft:beef":3,"minecraft:furnace":3,"minecraft:cooked_beef":7,"minecraft:cobbled_deepslate":15,"minecraft:golden_axe":17,"minecraft:iron_leggings":1,"minecraft:cooked_mutton":5,"minecraft:stone_pickaxe":68,"minecraft:oak_planks":64,"minecraft:wooden_pickaxe":11,"minecraft:white_wool":1,"minecraft:golden_hoe":16,"minecraft:crafting_table":6,"minecraft:sticky_piston":2,"minecraft:lever":1,"minecraft:apple":11,"minecraft:bread":49,"minecraft:iron_pickaxe":406,"minecraft:gravel":15,"minecraft:stone_axe":13,"minecraft:fire_charge":1,"minecraft:cobblestone":38,"alexsmobs:animal_dictionary":1},"minecraft:custom":{"minecraft:mob_kills":68,"minecraft:interact_with_crafting_table":39,"minecraft:leave_game":9,"minecraft:time_since_death":77678,"minecraft:climb_one_cm":1432,"minecraft:sprint_one_cm":599214,"minecraft:walk_one_cm":368817,"minecraft:damage_blocked_by_shield":3270,"minecraft:drop":36,"minecraft:play_time":237503,"minecraft:deaths":13,"minecraft:sneak_time":27445,"minecraft:walk_under_water_one_cm":5296,"minecraft:jump":4726,"minecraft:walk_on_water_one_cm":14735,"minecraft:total_world_time":237503,"minecraft:interact_with_furnace":44,"minecraft:time_since_rest":77710,"minecraft:damage_taken":6490,"minecraft:damage_dealt":12572,"minecraft:swim_one_cm":37682,"minecraft:fly_one_cm":787443,"minecraft:open_chest":43,"minecraft:crouch_one_cm":111246,"minecraft:fall_one_cm":164546},"minecraft:mined":{"minecraft:white_bed":6,"minecraft:deepslate_diamond_ore":3,"minecraft:cherry_log":31,"minecraft:lever":1,"gravestone:gravestone":7,"minecraft:grass_block":268,"minecraft:spruce_leaves":4,"minecraft:hay_block":64,"minecraft:furnace":2,"minecraft:cobbled_deepslate":10,"minecraft:iron_ore":39,"minecraft:sticky_piston":2,"minecraft:fire":1,"minecraft:bell":1,"minecraft:sculk_shrieker":1,"minecraft:pointed_dripstone":6,"minecraft:dirt_path":131,"minecraft:stone":286,"minecraft:white_wool":10,"minecraft:deepslate_redstone_ore":15,"minecraft:oak_slab":18,"minecraft:dandelion":5,"minecraft:oak_fence":36,"minecraft:crafting_table":3,"minecraft:torch":1,"minecraft:tall_grass":19,"minecraft:cobblestone":1,"minecraft:deepslate_gold_ore":15,"minecraft:oak_planks":20,"minecraft:sculk":4,"minecraft:yellow_wool":9,"minecraft:spruce_log":15,"minecraft:birch_leaves":1,"minecraft:yellow_bed":4,"minecraft:grass":141,"minecraft:oak_log":99,"minecraft:coal_ore":42,"minecraft:dripstone_block":2,"minecraft:gravel":42,"minecraft:cyan_carpet":10,"minecraft:sand":11,"minecraft:dirt":298,"minecraft:oak_leaves":20,"minecraft:deepslate":47},"minecraft:picked_up":{"minecraft:crafting_table":3,"minecraft:azure_bluet":1,"minecraft:yellow_wool":3,"minecraft:string":5,"minecraft:sticky_piston":2,"minecraft:cyan_carpet":10,"minecraft:cobbled_deepslate":53,"minecraft:beef":11,"minecraft:poppy":2,"minecraft:iron_pickaxe":1,"minecraft:furnace":2,"minecraft:stick":32,"minecraft:raw_iron":39,"minecraft:oak_fence":12,"minecraft:torch":2,"minecraft:cherry_log":31,"minecraft:pointed_dripstone":9,"minecraft:redstone":67,"minecraft:arrow":14,"minecraft:rotten_flesh":24,"minecraft:hay_block":63,"minecraft:mutton":7,"minecraft:cobblestone":285,"minecraft:white_wool":16,"minecraft:leather":4,"minecraft:flint":1,"minecraft:oak_log":96,"minecraft:dirt":549,"minecraft:bone":12,"minecraft:apple":5,"minecraft:bow":1,"minecraft:wheat_seeds":19,"minecraft:raw_gold":15,"minecraft:bell":1,"minecraft:stone_pickaxe":1,"minecraft:iron_ingot":9,"minecraft:stone_hoe":5,"minecraft:oak_planks":22,"minecraft:oak_slab":6,"minecraft:dandelion":4,"minecraft:dripstone_block":2,"minecraft:gravel":20,"minecraft:sand":11,"minecraft:spruce_log":15,"minecraft:spider_eye":5,"minecraft:diamond":3,"minecraft:stone_axe":1,"minecraft:lever":1,"minecraft:cherry_sapling":28,"minecraft:bread":1,"minecraft:oak_sapling":29,"minecraft:coal":109,"minecraft:black_wool":1},"minecraft:broken":{"minecraft:golden_hoe":1,"minecraft:iron_shovel":2,"minecraft:iron_boots":1,"minecraft:golden_shovel":1,"minecraft:shield":1,"minecraft:golden_axe":1,"minecraft:iron_axe":1,"minecraft:iron_helmet":1},"minecraft:dropped":{"minecraft:stone_hoe":5,"minecraft:bread":1,"minecraft:dripstone_block":2,"minecraft:apple":1,"minecraft:stick":11,"minecraft:dirt":15,"minecraft:wooden_axe":1,"gravestone:obituary":1,"minecraft:gold_nugget":13,"minecraft:iron_pickaxe":2,"minecraft:string":3,"minecraft:gravel":5,"minecraft:stone_axe":2,"minecraft:stone_sword":1,"minecraft:rotten_flesh":2,"minecraft:spider_eye":3,"minecraft:wooden_pickaxe":1,"minecraft:stone_pickaxe":1,"minecraft:arrow":2,"minecraft:black_wool":1},"minecraft:killed":{"minecraft:spider":6,"minecraft:skeleton":19,"alexsmobs:bison":1,"minecraft:zombie_villager":1,"minecraft:iron_golem":2,"minecraft:creeper":1,"minecraft:sheep":9,"minecraft:zombie":26,"minecraft:cow":2}},"DataVersion":3463}