{"stats":{"minecraft:mined":{"minecraft:white_bed":6,"minecraft:deepslate_diamond_ore":2,"minecraft:cherry_log":31,"gravestone:gravestone":7,"minecraft:grass_block":262,"minecraft:spruce_leaves":4,"minecraft:hay_block":54,"minecraft:furnace":2,"minecraft:iron_ore":39,"minecraft:fire":1,"minecraft:bell":1,"minecraft:pointed_dripstone":6,"minecraft:dirt_path":131,"minecraft:stone":131,"minecraft:white_wool":10,"minecraft:oak_slab":18,"minecraft:dandelion":2,"minecraft:oak_fence":36,"minecraft:crafting_table":3,"minecraft:torch":1,"minecraft:tall_grass":11,"minecraft:cobblestone":1,"minecraft:deepslate_gold_ore":15,"minecraft:oak_planks":16,"minecraft:yellow_wool":9,"minecraft:spruce_log":15,"minecraft:birch_leaves":1,"minecraft:yellow_bed":4,"minecraft:grass":98,"minecraft:oak_log":28,"minecraft:coal_ore":42,"minecraft:dripstone_block":2,"minecraft:gravel":42,"minecraft:sand":11,"minecraft:dirt":296,"minecraft:deepslate":44,"minecraft:oak_leaves":7},"minecraft:crafted":{"minecraft:oak_planks":112,"minecraft:furnace":1,"minecraft:stone":43,"minecraft:lever":4,"minecraft:cooked_mutton":5,"minecraft:oak_trapdoor":6,"minecraft:iron_boots":1,"minecraft:iron_axe":1,"minecraft:stone_pickaxe":1,"minecraft:chest":3,"minecraft:stone_hoe":1,"minecraft:stone_bricks":40,"minecraft:wheat":477,"minecraft:cooked_beef":8,"minecraft:crafting_table":4,"minecraft:spruce_planks":60,"minecraft:wooden_pickaxe":1,"minecraft:iron_helmet":1,"minecraft:iron_sword":1,"minecraft:stone_axe":1,"minecraft:bread":159,"minecraft:air":0,"minecraft:spruce_trapdoor":12,"minecraft:iron_chestplate":1,"minecraft:shield":1,"minecraft:stick":24,"minecraft:iron_ingot":33,"minecraft:iron_pickaxe":1,"minecraft:wooden_axe":1,"minecraft:stone_sword":1,"minecraft:iron_shovel":3,"minecraft:iron_leggings":1},"minecraft:broken":{"minecraft:golden_hoe":1,"minecraft:iron_shovel":2,"minecraft:golden_shovel":1,"minecraft:golden_axe":1,"minecraft:iron_axe":1},"minecraft:dropped":{"minecraft:stone_hoe":5,"minecraft:dripstone_block":2,"minecraft:stick":2,"minecraft:dirt":15,"minecraft:wooden_axe":1,"gravestone:obituary":1,"minecraft:gold_nugget":13,"minecraft:iron_pickaxe":1,"minecraft:string":3,"minecraft:stone_axe":2,"minecraft:stone_sword":1,"minecraft:rotten_flesh":2,"minecraft:spider_eye":2,"minecraft:wooden_pickaxe":1,"minecraft:stone_pickaxe":1,"minecraft:arrow":2,"minecraft:black_wool":1},"minecraft:used":{"minecraft:iron_shovel":679,"minecraft:chest":3,"minecraft:shield":77,"minecraft:iron_sword":85,"minecraft:stone_hoe":57,"minecraft:dirt":101,"minecraft:mutton":2,"minecraft:golden_shovel":32,"minecraft:golden_chestplate":1,"minecraft:wooden_axe":40,"minecraft:iron_axe":227,"minecraft:iron_helmet":1,"minecraft:iron_boots":1,"minecraft:beef":3,"minecraft:furnace":3,"minecraft:cooked_beef":7,"minecraft:golden_axe":17,"minecraft:iron_leggings":1,"minecraft:cooked_mutton":5,"minecraft:stone_pickaxe":68,"minecraft:oak_planks":59,"minecraft:wooden_pickaxe":11,"minecraft:white_wool":1,"minecraft:golden_hoe":16,"minecraft:crafting_table":6,"minecraft:apple":3,"minecraft:bread":17,"minecraft:iron_pickaxe":216,"minecraft:gravel":1,"minecraft:stone_axe":13,"minecraft:fire_charge":1,"minecraft:cobblestone":13,"alexsmobs:animal_dictionary":1},"minecraft:picked_up":{"minecraft:crafting_table":3,"minecraft:azure_bluet":1,"minecraft:yellow_wool":3,"minecraft:string":5,"minecraft:cobbled_deepslate":40,"minecraft:beef":11,"minecraft:iron_pickaxe":1,"minecraft:furnace":2,"minecraft:raw_iron":39,"minecraft:stick":6,"minecraft:oak_fence":12,"minecraft:torch":2,"minecraft:cherry_log":31,"minecraft:pointed_dripstone":9,"minecraft:arrow":8,"minecraft:rotten_flesh":15,"minecraft:hay_block":53,"minecraft:mutton":7,"minecraft:cobblestone":130,"minecraft:white_wool":16,"minecraft:leather":4,"minecraft:flint":1,"minecraft:oak_log":28,"minecraft:dirt":541,"minecraft:bone":6,"minecraft:apple":3,"minecraft:wheat_seeds":14,"minecraft:raw_gold":15,"minecraft:bell":1,"minecraft:stone_pickaxe":1,"minecraft:iron_ingot":4,"minecraft:oak_planks":16,"minecraft:stone_hoe":5,"minecraft:oak_slab":6,"minecraft:dandelion":4,"minecraft:gravel":20,"minecraft:dripstone_block":2,"minecraft:sand":11,"minecraft:spruce_log":15,"minecraft:spider_eye":3,"minecraft:diamond":2,"minecraft:stone_axe":1,"minecraft:cherry_sapling":28,"minecraft:oak_sapling":15,"minecraft:black_wool":1,"minecraft:coal":109},"minecraft:killed":{"minecraft:spider":5,"minecraft:skeleton":14,"alexsmobs:bison":1,"minecraft:iron_golem":1,"minecraft:creeper":1,"minecraft:sheep":9,"minecraft:zombie":18,"minecraft:cow":2},"minecraft:custom":{"minecraft:mob_kills":51,"minecraft:interact_with_crafting_table":23,"minecraft:leave_game":5,"minecraft:time_since_death":6663,"minecraft:sprint_one_cm":376580,"minecraft:walk_one_cm":243718,"minecraft:damage_blocked_by_shield":2140,"minecraft:drop":30,"minecraft:play_time":145054,"minecraft:deaths":11,"minecraft:sneak_time":20735,"minecraft:walk_under_water_one_cm":4921,"minecraft:jump":3026,"minecraft:walk_on_water_one_cm":13675,"minecraft:total_world_time":145054,"minecraft:interact_with_furnace":26,"minecraft:time_since_rest":6690,"minecraft:damage_taken":4559,"minecraft:damage_dealt":9119,"minecraft:swim_one_cm":33491,"minecraft:fly_one_cm":477422,"minecraft:open_chest":15,"minecraft:crouch_one_cm":84372,"minecraft:fall_one_cm":97871}},"DataVersion":3463}