{"stats":{"minecraft:dropped":{"minecraft:water_bucket":1,"minecraft:wheat_seeds":3,"minecraft:cobblestone":3,"minecraft:dirt":3,"minecraft:oak_sapling":2,"minecraft:dandelion":1},"minecraft:used":{"minecraft:water_bucket":9,"minecraft:stone_sword":22,"minecraft:stone_pickaxe":202,"minecraft:spruce_planks":110,"minecraft:wooden_pickaxe":17,"minecraft:iron_sword":15,"minecraft:torch":16,"minecraft:crafting_table":9,"minecraft:wooden_axe":2,"minecraft:iron_axe":76,"minecraft:bread":11,"minecraft:iron_pickaxe":37,"minecraft:iron_helmet":1,"minecraft:stone_axe":70,"minecraft:magma_block":1,"minecraft:cobblestone":120,"minecraft:beef":3,"minecraft:furnace":2,"minecraft:bucket":10,"alexsmobs:animal_dictionary":2},"minecraft:picked_up":{"minecraft:magma_block":1,"minecraft:crafting_table":10,"minecraft:water_bucket":1,"minecraft:leather":3,"minecraft:oak_log":24,"minecraft:dirt":3,"minecraft:raw_copper":5,"minecraft:bone":1,"minecraft:apple":2,"minecraft:wheat_seeds":3,"minecraft:spruce_planks":100,"minecraft:beef":5,"minecraft:iron_ingot":2,"minecraft:furnace":3,"minecraft:stick":39,"minecraft:raw_iron":86,"minecraft:torch":6,"minecraft:dandelion":1,"minecraft:dripstone_block":1,"minecraft:spruce_sapling":15,"minecraft:spruce_log":85,"minecraft:rotten_flesh":1,"minecraft:granite":2,"minecraft:bread":11,"minecraft:oak_sapling":2,"minecraft:coal":5,"minecraft:mutton":3,"minecraft:cobblestone":263},"minecraft:killed":{"minecraft:zombie":3,"minecraft:cow":2},"minecraft:custom":{"minecraft:interact_with_furnace":10,"minecraft:mob_kills":5,"minecraft:interact_with_crafting_table":17,"minecraft:leave_game":2,"minecraft:time_since_death":0,"minecraft:time_since_rest":0,"minecraft:sprint_one_cm":124244,"minecraft:damage_taken":2726,"minecraft:walk_one_cm":107712,"minecraft:drop":10,"minecraft:damage_dealt":1101,"minecraft:swim_one_cm":10584,"minecraft:fly_one_cm":201118,"minecraft:open_chest":1,"minecraft:crouch_one_cm":5952,"minecraft:play_time":63911,"minecraft:deaths":8,"minecraft:sneak_time":2597,"minecraft:walk_under_water_one_cm":1636,"minecraft:jump":1251,"minecraft:walk_on_water_one_cm":8766,"minecraft:total_world_time":63911,"minecraft:fall_one_cm":61493},"minecraft:crafted":{"minecraft:wooden_sword":1,"minecraft:crafting_table":1,"minecraft:spruce_planks":132,"minecraft:wooden_pickaxe":1,"minecraft:iron_helmet":1,"minecraft:iron_sword":1,"minecraft:bucket":1,"minecraft:stone_axe":1,"minecraft:iron_boots":1,"minecraft:iron_axe":1,"minecraft:stick":20,"minecraft:iron_ingot":21,"minecraft:iron_pickaxe":1,"minecraft:stone_pickaxe":2,"minecraft:wooden_axe":1,"minecraft:stone_sword":1,"minecraft:torch":12},"minecraft:broken":{"minecraft:stone_pickaxe":1},"minecraft:mined":{"minecraft:spruce_planks":5,"minecraft:dandelion":2,"minecraft:crafting_table":10,"minecraft:torch":2,"minecraft:granite":2,"minecraft:grass_block":1,"minecraft:tall_grass":3,"minecraft:copper_ore":2,"minecraft:cobblestone":3,"minecraft:spruce_leaves":4,"minecraft:wall_torch":1,"minecraft:magma_block":1,"minecraft:furnace":3,"minecraft:iron_ore":42,"minecraft:spruce_log":88,"minecraft:grass":25,"minecraft:oak_log":32,"minecraft:coal_ore":3,"minecraft:dripstone_block":1,"minecraft:dirt":2,"minecraft:stone":196}},"DataVersion":3463}