{"stats":{"minecraft:crafted":{"minecraft:wooden_sword":1,"minecraft:crafting_table":1,"minecraft:spruce_planks":132,"minecraft:wooden_pickaxe":1,"minecraft:iron_helmet":1,"minecraft:iron_sword":1,"minecraft:stone_axe":1,"minecraft:iron_axe":1,"minecraft:stick":20,"minecraft:iron_ingot":13,"minecraft:iron_pickaxe":1,"minecraft:stone_pickaxe":2,"minecraft:wooden_axe":1,"minecraft:stone_sword":1,"minecraft:torch":8},"minecraft:used":{"minecraft:stone_sword":22,"minecraft:stone_pickaxe":202,"minecraft:spruce_planks":65,"minecraft:wooden_pickaxe":17,"minecraft:iron_sword":9,"minecraft:torch":4,"minecraft:crafting_table":6,"minecraft:wooden_axe":2,"minecraft:iron_axe":57,"minecraft:bread":3,"minecraft:iron_pickaxe":32,"minecraft:iron_helmet":1,"minecraft:stone_axe":70,"minecraft:cobblestone":65,"minecraft:beef":2,"alexsmobs:animal_dictionary":2},"minecraft:custom":{"minecraft:interact_with_furnace":4,"minecraft:mob_kills":4,"minecraft:interact_with_crafting_table":13,"minecraft:leave_game":1,"minecraft:time_since_death":14736,"minecraft:time_since_rest":14762,"minecraft:sprint_one_cm":70741,"minecraft:damage_taken":1721,"minecraft:walk_one_cm":77903,"minecraft:drop":9,"minecraft:damage_dealt":806,"minecraft:fly_one_cm":87794,"minecraft:open_chest":1,"minecraft:crouch_one_cm":4126,"minecraft:play_time":43208,"minecraft:deaths":5,"minecraft:sneak_time":1756,"minecraft:jump":667,"minecraft:walk_on_water_one_cm":2050,"minecraft:total_world_time":43208,"minecraft:fall_one_cm":34765},"minecraft:mined":{"minecraft:spruce_planks":3,"minecraft:dandelion":2,"minecraft:crafting_table":7,"minecraft:torch":1,"minecraft:granite":2,"minecraft:grass_block":1,"minecraft:copper_ore":2,"minecraft:tall_grass":3,"minecraft:spruce_leaves":4,"minecraft:wall_torch":1,"minecraft:magma_block":1,"minecraft:furnace":1,"minecraft:iron_ore":42,"minecraft:spruce_log":88,"minecraft:grass":25,"minecraft:oak_log":21,"minecraft:coal_ore":3,"minecraft:dripstone_block":1,"minecraft:dirt":2,"minecraft:stone":196},"minecraft:picked_up":{"minecraft:magma_block":1,"minecraft:crafting_table":7,"minecraft:water_bucket":1,"minecraft:leather":3,"minecraft:oak_log":13,"minecraft:dirt":3,"minecraft:raw_copper":5,"minecraft:bone":1,"minecraft:apple":2,"minecraft:wheat_seeds":3,"minecraft:spruce_planks":26,"minecraft:beef":5,"minecraft:furnace":1,"minecraft:stick":35,"minecraft:raw_iron":42,"minecraft:torch":2,"minecraft:dandelion":1,"minecraft:dripstone_block":1,"minecraft:spruce_sapling":15,"minecraft:spruce_log":85,"minecraft:rotten_flesh":1,"minecraft:granite":2,"minecraft:bread":11,"minecraft:oak_sapling":2,"minecraft:coal":5,"minecraft:cobblestone":260},"minecraft:dropped":{"minecraft:water_bucket":1,"minecraft:wheat_seeds":3,"minecraft:cobblestone":3,"minecraft:oak_sapling":2,"minecraft:dandelion":1},"minecraft:broken":{"minecraft:stone_pickaxe":1},"minecraft:killed":{"minecraft:zombie":2,"minecraft:cow":2}},"DataVersion":3463}