{"stats":{"minecraft:crafted":{"minecraft:wooden_sword":1,"minecraft:iron_axe":1,"minecraft:crafting_table":1,"minecraft:iron_helmet":1,"minecraft:spruce_planks":132,"minecraft:stick":20,"minecraft:iron_sword":1,"minecraft:iron_pickaxe":1,"minecraft:iron_ingot":13,"minecraft:wooden_pickaxe":1,"minecraft:stone_pickaxe":2,"minecraft:wooden_axe":1,"minecraft:stone_sword":1,"minecraft:torch":8,"minecraft:stone_axe":1},"minecraft:used":{"minecraft:wooden_axe":2,"minecraft:stone_sword":22,"minecraft:stone_pickaxe":202,"minecraft:iron_helmet":1,"minecraft:spruce_planks":51,"minecraft:wooden_pickaxe":17,"minecraft:stone_axe":70,"minecraft:torch":4,"minecraft:cobblestone":65,"minecraft:crafting_table":4,"alexsmobs:animal_dictionary":2},"minecraft:custom":{"minecraft:time_since_rest":2762,"minecraft:interact_with_furnace":4,"minecraft:sprint_one_cm":46644,"minecraft:damage_taken":1470,"minecraft:walk_one_cm":50247,"minecraft:mob_kills":2,"minecraft:drop":6,"minecraft:damage_dealt":546,"minecraft:interact_with_crafting_table":11,"minecraft:open_chest":1,"minecraft:fly_one_cm":50420,"minecraft:crouch_one_cm":2454,"minecraft:play_time":31208,"minecraft:deaths":5,"minecraft:sneak_time":1167,"minecraft:jump":463,"minecraft:leave_game":1,"minecraft:time_since_death":2736,"minecraft:walk_on_water_one_cm":1750,"minecraft:total_world_time":31208,"minecraft:fall_one_cm":25327},"minecraft:mined":{"minecraft:magma_block":1,"minecraft:spruce_planks":2,"minecraft:iron_ore":13,"minecraft:spruce_log":62,"minecraft:dandelion":1,"minecraft:crafting_table":4,"minecraft:torch":1,"minecraft:granite":2,"minecraft:grass":22,"minecraft:grass_block":1,"minecraft:coal_ore":3,"minecraft:dripstone_block":1,"minecraft:dirt":2,"minecraft:tall_grass":2,"minecraft:copper_ore":2,"minecraft:spruce_leaves":4,"minecraft:stone":194,"minecraft:wall_torch":1},"minecraft:picked_up":{"minecraft:raw_iron":13,"minecraft:stick":33,"minecraft:crafting_table":4,"minecraft:magma_block":1,"minecraft:torch":2,"minecraft:dandelion":1,"minecraft:dripstone_block":1,"minecraft:spruce_sapling":10,"minecraft:spruce_log":59,"minecraft:dirt":3,"minecraft:raw_copper":5,"minecraft:rotten_flesh":1,"minecraft:wheat_seeds":3,"minecraft:spruce_planks":8,"minecraft:granite":2,"minecraft:coal":5,"minecraft:cobblestone":258},"minecraft:dropped":{"minecraft:wheat_seeds":3,"minecraft:cobblestone":3},"minecraft:broken":{"minecraft:stone_pickaxe":1},"minecraft:killed":{"minecraft:zombie":2}},"DataVersion":3463}